1;1;1012626000000;diego@diego.com;1;1
123;diego;871966800000;diego@diego.com;;2
123;diego;871966800000;diego@diego.com;2;2
123;diego;871966800000;diego@diego.com;Temporal;2
1;1;1012626000000;diego@diego.com;1;1
123;diego;871966800000;diego@diego.com;;2
123;diego;871966800000;diego@diego.com;2;2
123;diego;871966800000;diego@diego.com;Temporal;2
1;1;1012626000000;diego@diego.com;1;1
123;diego;871966800000;diego@diego.com;;2
123;diego;871966800000;diego@diego.com;2;2
123;diego;871966800000;diego@diego.com;Temporal;2
1;1;1012626000000;diego@diego.com;1;1
123;diego;871966800000;diego@diego.com;;2
123;diego;871966800000;diego@diego.com;2;2
123;diego;871966800000;diego@diego.com;Temporal;2
1;1;1012626000000;a@a.com;test;3